{
  "hash": "367afd46",
  "configHash": "19f1ea15",
  "lockfileHash": "5b217d0d",
  "browserHash": "d04d172b",
  "optimized": {
    "@angular/common": {
      "src": "../../../../../../node_modules/@angular/common/fesm2022/common.mjs",
      "file": "@angular_common.js",
      "fileHash": "c97de9a5",
      "needsInterop": false
    },
    "@angular/common/http": {
      "src": "../../../../../../node_modules/@angular/common/fesm2022/http.mjs",
      "file": "@angular_common_http.js",
      "fileHash": "3e46c312",
      "needsInterop": false
    },
    "@angular/core": {
      "src": "../../../../../../node_modules/@angular/core/fesm2022/core.mjs",
      "file": "@angular_core.js",
      "fileHash": "f8764a2e",
      "needsInterop": false
    },
    "@angular/platform-browser": {
      "src": "../../../../../../node_modules/@angular/platform-browser/fesm2022/platform-browser.mjs",
      "file": "@angular_platform-browser.js",
      "fileHash": "1de6f6e6",
      "needsInterop": false
    },
    "@angular/router": {
      "src": "../../../../../../node_modules/@angular/router/fesm2022/router.mjs",
      "file": "@angular_router.js",
      "fileHash": "bb7ba54b",
      "needsInterop": false
    }
  },
  "chunks": {
    "chunk-TRBNQ33G": {
      "file": "chunk-TRBNQ33G.js"
    },
    "chunk-2INFRUJD": {
      "file": "chunk-2INFRUJD.js"
    },
    "chunk-UQQQNTR2": {
      "file": "chunk-UQQQNTR2.js"
    },
    "chunk-B2O7P5WH": {
      "file": "chunk-B2O7P5WH.js"
    },
    "chunk-UX4SMXDU": {
      "file": "chunk-UX4SMXDU.js"
    }
  }
}